"0","# merge them together"
"0","met_data <-  full_join(lerwick_avg,paisley_avg)"
"2","Joining, by = c(""mm"", ""tmax"", ""tmin"", ""af"", ""rain"", ""sun"", ""location"")"
"0","met_data <- full_join(met_data,eastbourne_avg)"
"2","Joining, by = c(""mm"", ""tmax"", ""tmin"", ""af"", ""rain"", ""sun"", ""location"")"
"0","met_data = pivot_longer(met_data, c(tmax,tmin,af,rain,sun), "
"0","                        names_to = ""param"", "
"0","                        values_to = ""data"") %>% "
"0","  mutate(param = recode(param, ""tmax"" = ""Mean Daily Max Temperature"","
"0","                        ""tmin"" = ""Mean Daily Min Temperature"","
"0","                        ""af""   = ""Air Frost"","
"0","                        ""rain"" = ""Rainfall"","
"0","                        ""sun"" = ""Sunshine""))"
