{"chunk_definitions":[{"row":17,"row_count":1,"visible":true,"expansion_state":0,"options":{"engine":"r","label":"unnamed-chunk-1"},"document_id":"BFDA8855","chunk_id":"c2k2i1j7o1daz","chunk_label":"unnamed-chunk-1"},{"row":24,"row_count":1,"visible":true,"expansion_state":0,"options":{"engine":"r","label":"unnamed-chunk-2"},"document_id":"BFDA8855","chunk_id":"c0rvappvte85c","chunk_label":"unnamed-chunk-2"},{"row":57,"row_count":1,"visible":true,"expansion_state":0,"options":{"engine":"r","label":"unnamed-chunk-3"},"document_id":"BFDA8855","chunk_id":"cjlx6jwjrptg3","chunk_label":"unnamed-chunk-3"},{"row":62,"row_count":1,"visible":true,"expansion_state":0,"options":{"engine":"r","label":"unnamed-chunk-4"},"document_id":"BFDA8855","chunk_id":"crrubuay94a3g","chunk_label":"unnamed-chunk-4"},{"row":75,"row_count":1,"visible":true,"expansion_state":0,"options":{"engine":"r","label":"unnamed-chunk-5"},"document_id":"BFDA8855","chunk_id":"cvaolbm9xdm1o","chunk_label":"unnamed-chunk-5"},{"row":86,"row_count":1,"visible":true,"expansion_state":0,"options":{"engine":"r","label":"unnamed-chunk-6"},"document_id":"BFDA8855","chunk_id":"cgs5wbb0oa29q","chunk_label":"unnamed-chunk-6"},{"row":97,"row_count":1,"visible":true,"expansion_state":0,"options":{"engine":"r","label":"unnamed-chunk-7"},"document_id":"BFDA8855","chunk_id":"cn8aqvemfoxcn","chunk_label":"unnamed-chunk-7"},{"row":111,"row_count":1,"visible":true,"expansion_state":0,"options":{"engine":"r","label":"unnamed-chunk-8"},"document_id":"BFDA8855","chunk_id":"cca4kn3p5zv4b","chunk_label":"unnamed-chunk-8"},{"row":115,"row_count":1,"visible":true,"expansion_state":0,"options":{"engine":"r","label":"unnamed-chunk-9"},"document_id":"BFDA8855","chunk_id":"cw0t8cm0qrglq","chunk_label":"unnamed-chunk-9"},{"row":136,"row_count":1,"visible":true,"expansion_state":0,"options":{"engine":"r","label":"unnamed-chunk-10"},"document_id":"BFDA8855","chunk_id":"cpleep4j91y2k","chunk_label":"unnamed-chunk-10"}],"doc_write_time":1670451950,"chunk_rendered_width":678}