"0","lerwick <- clean_names(lerwick) "
"0",""
"0","lerwick_clean <- lerwick %>% "
"0","  mutate(tmax = as.double(str_remove_all(tmax, ""\\*|#""))) %>%   "
"0","  mutate(tmin = as.double(str_remove_all(tmin, ""\\*|#""))) %>%  "
"0","  mutate(af = as.double(str_remove_all(af, ""\\*|#""))) %>%  "
"0","  mutate(rain = as.double(str_remove_all(rain, ""\\*|#""))) %>% "
"0","  mutate(sun = as.double(str_remove_all(sun, ""\\*|#"")))  "
"0",""
"0","  "
"0","paisley <- clean_names(paisley)"
"0","paisley_clean <- paisley %>% "
"0","   mutate(tmax = as.double(str_remove_all(tmax, ""\\*|#""))) %>%   "
"0","  mutate(tmin = as.double(str_remove_all(tmin, ""\\*|#""))) %>%  "
"0","  mutate(af = as.double(str_remove_all(af, ""\\*|#""))) %>%  "
"0","  mutate(rain = as.double(str_remove_all(rain, ""\\*|#""))) %>% "
"0","  mutate(sun = as.double(str_remove_all(sun, ""\\*|#"")))  "
"0",""
"0",""
"0","eastbourne <- clean_names(eastbourne)"
"0","eastbourne_clean <- eastbourne %>% "
"0","  mutate(tmax = as.double(str_remove_all(tmax, ""\\*|#""))) %>%   "
"0","  mutate(tmin = as.double(str_remove_all(tmin, ""\\*|#""))) %>%  "
"0","  mutate(af = as.double(str_remove_all(af, ""\\*|#""))) %>%  "
"0","  mutate(rain = as.double(str_remove_all(rain, ""\\*|#""))) %>% "
"0","  mutate(sun = as.double(str_remove_all(sun, ""\\*|#"")))  "
"0",""
"0","names(eastbourne)  "
"1","[1]"
"1"," ""yyyy"""
"1"," ""mm""  "
"1"," ""tmax"""
"1"," ""tmin"""
"1"," ""af""  "
"1"," ""rain"""
"1"," ""sun"" "
"1","
"
"0","names(lerwick)"
"1","[1]"
"1"," ""yyyy"""
"1"," ""mm""  "
"1"," ""tmax"""
"1"," ""tmin"""
"1"," ""af""  "
"1"," ""rain"""
"1"," ""sun"" "
"1","
"
"0","names(paisley)"
"1","[1]"
"1"," ""yyyy"""
"1"," ""mm""  "
"1"," ""tmax"""
"1"," ""tmin"""
"1"," ""af""  "
"1"," ""rain"""
"1"," ""sun"" "
"1","
"
