{"chunk_definitions":[{"row":18,"row_count":1,"visible":true,"expansion_state":0,"options":{"engine":"r","label":"unnamed-chunk-3"},"document_id":"BFDA8855","chunk_id":"c2k2i1j7o1daz","chunk_label":"unnamed-chunk-1"},{"row":24,"row_count":1,"visible":true,"expansion_state":0,"options":{"engine":"r","label":"unnamed-chunk-12"},"document_id":"BFDA8855","chunk_id":"c0rvappvte85c","chunk_label":"unnamed-chunk-2"},{"row":59,"row_count":1,"visible":true,"expansion_state":0,"options":{"engine":"r","label":"unnamed-chunk-13"},"document_id":"BFDA8855","chunk_id":"cjlx6jwjrptg3","chunk_label":"unnamed-chunk-3"},{"row":64,"row_count":1,"visible":true,"expansion_state":0,"options":{"engine":"r","label":"unnamed-chunk-14"},"document_id":"BFDA8855","chunk_id":"crrubuay94a3g","chunk_label":"unnamed-chunk-4"},{"row":78,"row_count":1,"visible":true,"expansion_state":0,"options":{"engine":"r","label":"unnamed-chunk-16"},"document_id":"BFDA8855","chunk_id":"cvaolbm9xdm1o","chunk_label":"unnamed-chunk-5"},{"row":89,"row_count":1,"visible":true,"expansion_state":0,"options":{"engine":"r","label":"unnamed-chunk-17"},"document_id":"BFDA8855","chunk_id":"cgs5wbb0oa29q","chunk_label":"unnamed-chunk-6"},{"row":100,"row_count":1,"visible":true,"expansion_state":0,"options":{"engine":"r","label":"unnamed-chunk-18"},"document_id":"BFDA8855","chunk_id":"cn8aqvemfoxcn","chunk_label":"unnamed-chunk-7"},{"row":114,"row_count":1,"visible":true,"expansion_state":0,"options":{"engine":"r","label":"unnamed-chunk-19"},"document_id":"BFDA8855","chunk_id":"cca4kn3p5zv4b","chunk_label":"unnamed-chunk-8"},{"row":118,"row_count":1,"visible":true,"expansion_state":0,"options":{"engine":"r","label":"unnamed-chunk-20"},"document_id":"BFDA8855","chunk_id":"cw0t8cm0qrglq","chunk_label":"unnamed-chunk-9"},{"row":139,"row_count":1,"visible":true,"expansion_state":0,"options":{"engine":"r","label":"unnamed-chunk-22"},"document_id":"BFDA8855","chunk_id":"cpleep4j91y2k","chunk_label":"unnamed-chunk-10"},{"row":151,"row_count":1,"visible":true,"expansion_state":0,"options":{"engine":"r","label":"unnamed-chunk-2"},"document_id":"BFDA8855","chunk_id":"cubm7fewafuzt","chunk_label":"unnamed-chunk-11"}],"doc_write_time":1670456455,"chunk_rendered_width":633}